gorowe-e nulgichewun	долго аргишили
ichetnodem	приду посмотреть
amaringdulawer muchuskat	давайте повернем назад
goshajadu bidichotyn	у гоши они находились
i e potom omoden dolbolto dolbo uzhe dolbocholon	и потом он придет уже когда настанет ночь
bokonchuchelden	пошел догонять
beje dewsamdalon giramdamila dewuwki odangas	будешь есть за человеком его объедки кости
dygin klaspe manasaw tadu	четыре класса закончил там
edyn achin bichon eninngiw	мужа не было у моей матери
kungakar hujukur bingehityn-te etesow stadeldu hawaldami	дети маленькие когда были перестал в стаде работать
sundu edu edu orokor won bihe	у вас здесь олени
de	да  
chasownadu indengkityn	в часовне они жили
er tododohun hele emepdem irekselwe   ireksewe ohalba er satyre ireksewon ewan	чтобы вы поверили я принес шкуру камусы шкуру и тому подобное этого песца
uzhe inigeren ororwi	уже развьючил своих оленей
pektyrechen chipkarwe ulukilwe dantakilwe wes	настрелял соболей белок росомах всех
e dolgo uzhe dolgo oj gorojo itygadengnerewun sawodalwer gorojo inipdengnerew gorojo jesche	долго уже долго долго собирали вещи долго вьючили  долго еще
nungan baldisan ngekendedu hegdi hegdi hegdi ekundu	она родилась в эконде в большой большой большой этой самой 
amim dylganman urederen	походит на голос моего отца
warak hoginipki	враг пинает
potom ami emeren	потом отец пришел
nu tala hurure	ну пошли туда
tar hele umno degilcholon dumajdesa tar beje	вот однажды когда тот улетел этот человек подумал
aja hawa tare	хорошая работа это
bejelba odawki sitaduk	делает людей из глины
taduwer lukilwi dajanalwi sawurihiniwki tuksamninkakunduk nungarnuntyn ganatmasilcha	потом стрелы которые спрятал схватил на бегу и начал с ними перестреливаться
girkulcha tare dunde hergidolin	стал ходить под землей
dapkun klaspe manapka bison	надо было закончить восемь классов
emedere ekunmal	едут по направлению ко мне какие-то
tozowkawa game	взял тозовку
odangas gunifkil brigadir	будешь говорят бригадиром
urinengnerew	останавливаемся на однодневную стоянку
nu urge tegetcheren guluwunmi dagadun edynunmi	ну беременная сидела у очага с мужем
aminngehe nungandar nadan anganisi bine asin osan	покойный отец умер когда ему было шестьдесят семь лет
no kunto opkandi mom gurudijem obratno	но перевернув сама буду грузить обратно
kungakar әmәrә uchamila	дети приехали в учами
a dla nih	а для них
tak izredka	так изредка
depdengkiwun	ели мы
edu inilderes	здесь будете жить
golowo molangnerewun uspewattingnerewun nartedu	бревно готовим дрова успеваем на нартах
ewunai isefkeses gunne	зачем ты показала спросил 
oj kak orellaw	ой как мы закричали
albacha aһadami	не смог догнать
okir bakachas	когда нашел
tegekonem moldu tegetcheren	сел и сидит на дровах
nungan gunchen	она сказала
nu ulle konechno ollol tuge	ну мясо конечно рыба так
ere indengkiwun na rybotochkah kalan delimakit perekat	это мы жили на рыботочках калан делимакит перекат
hawalim hagdandulaji	работала до старости
prosto du nungardulatyn ojoletyn bururen edynderekin homamat	просто чум упал на них сверху когда был очень сильный ветер
mindu bichen   bi hegdi bichew mindu bichetyn hutelwi uzhe	мне было   я взрослая была у меня были дети уже
uzhe halgarin eto w zemlu prowaliwajutsa	уже ноги у него в землю проваливаются
kolledzhwe eteren mirnyjdu	колледж закончил в мирном
da	да
angi buniderilwe irgichilwe doldirew	это воющих волков мы услышали
wot tadu bi i baldisaw	вот там я и родился
bu pektyrullew	мы выстрелили
bi tar doldim angiderilwe buniderilwe ngelewsy-ko	я это услышала этих воющих страшно
a ungun tar chasownagit emepki bicho	а этот самый из часовни приезжал
taduk nu ajamamat hegdyheso kungakan	потом очень хорошо вырос ребенок
taduk olenewod odam mekloji	потом оленеводом стал сам 
dawaj palatkatki tuksahinam	я давай бежать к палатке
engnekordu uchadangkif hiwudaktu	на телятах каталась верхом от скуки от нечего делать
wertoletil degingkityn olenewodildula	вертолеты летали к оленеводам
wot nungan potom opat tar zhe mestola emeren	вот он опять на то же место пришел
dundengdulii hururen-da ertyki-kem dulbi bisotyn gunne	пошел по этой земле думая вот в эту сторону мои чумы были
eruktalingkiwun girkumatpel	начинали проверять пешком
bejele asir	людей других нет
amakan lukilon osa bejetkondu ele nikor ustawatyn	дедушка сделал мальчику стрелы все это самое  все
taduk beje emelcho dumala	потом человек пошел к чуму
lambaranen	прилепила
taduk nungartyn eta   hewekidu   gunderen	потом они   бог думает
istanokil bejel ekur upolnomochennijil girkudangkityn	станки люди эти уполномоченные ходили
tepkelingkin	звал
josal-da bejejoj etekel etekel etekel gulchel tar bejewe altasilchal	испугались и стали говорить тому человеку дружок перестань перестань перестань стали умолять
nungan mune tewuktedeson ilo tala	он возил нас туда-сюда 
bagdama oron erigin ahis busle oldondun	пусть белый олень подышит твоей жене на больной бок
tar eto hargi angin oj warak tolko tepkehinen	черт то есть сатана только крикнул
bi gunelim	я стала говорить
wertoletil ora degre	вертолеты это самое прилетали
mm	м-м
taduk etyrkonin budande potaptula hururen	потом ее муж умер и она уехала в потапово
nungan hanguktasa	он спросил
taduk shuraja tymanektewan ewa buranildi һuruchol	оттуда шура и его друзья это на другой день на буранах уехали
tadu bolnitsa bison	там больница была
ilo oda	куда они делись
tar hele tar hurumurekin oldan tare ungtuwune ehi tar beje	как только он улетел тот человек стал делать бубен
nu tar beje kotoryj ngenedechon	ну тот человек который шел
tak do zimy zimoj uzhe argishim na odnom meste	так до зимы зимой уже аргишим на одном месте
nu tam ganalchi-te ho bingkin beje	ну там стрелок-то он сильный был
edu indengkin minngi ekim olga iwanowna udygir etyrkonduliwi	здесь жила моя сестра старшая ольга ивановна удыгир по мужу
aga	ага
no indesowun ajat	но жили мы хорошо
olenewodil hungtu izmeni izmenire oronmi irgihitpe	оленеводы другие изменили воспитание оленей
chajtyrewun	попили чай
umukon beje tutonchanegan mindu ulguchonen ero	один человек из тутончан мне рассказал это
on nan ngelifkenmi aja binon er hutelwon mine degiwdotyn dundetki tare duw dagalan	как бы напугать было бы этих детей чтобы они привезли на землю возле моего чума
dadangilwa dadangildu ileldu ororoji bungkin nulgiktewunetyn debdotyn	безоленным людям оленей своих давал аргишить чтобы те ели
bi doldim tar buniderilwe angilwa ngonimilwa	я услышала этих воющих длинных 
i wot mune tar sewernyj tajmura archaran olloldi bejngoldi chipkardi	и вот нас северная таймура встретила рыбой дикими оленями соболями
nungardutyn kete hutelin bichetyn	у них много детей было
taduk hele e-dawel etere ere bu hagdanew	потом вот почему-то не стали мы постарели
tuksantesa-do tetygedukin hogdondodukin degiwuhise erdelon jangiltykikun iheldulo	побежал за одежду за спину его совсем понес на горы на камни
tar mesto aja-te	там место хорошее-то
nu togda heweki gunderen	ну тогда бог говорит
ichechelim	стала смотреть
hukuledewki	лежит
ulle ajamama bichon	мясо было очень хорошее
umukon tygise jegin namadi dapkundar nadysidun anganidu emesow	в одна тысяча девятьсот восемьдесят седьмом году я приехал
potaptula iremodichew	в потапово в гости я поехал
wso rawno uzhe pochti chto polowinu tuge halwatyn ajat echew hare	все равно уже почти что половину так некоторые уже хорошо не помню
ekspeditsijadu hawaldesan hawaldesatin	он работал в экспедиции они работали
tar hele hele hurukte guso	ну вот пойду-ка подумал он
hot tarit nodanchedem	хоть этим кину
ni emesen guso	спросил кто пришел
gosiktawan hele hurum armijela	на следующий год вот пошел в армию
tegetchechon	сидел
nu a bi potom dagamam	ну а я потом подошла
tar ngelitne beje bilden tar kinggittu	человек стал жить у того кингита боясь его
a buchen nungan umukon tysacha jegindar dapkun nungu   nungi   nungidu anganidu	а умерла она в одна тысяча девяносто восемь шестом году
nu a nungan tegetme tadu emenmuchon	ну а он там остался сидя
nu indichowun tadu du̅ldutyn balokildutyn	ну жили там в их домах в их балках
taringilbi dajukatchewki	он прячет их потихоньку
nu nungan gunderen chto wot ot etogo chtoby malenkogo palmoj rubili	он говорил что вот от этого чтобы маленького пальмой рубили
e-da edende	почему нет
etyrkom gunepki	мой муж говорит
bi hanguktedechaw ebekeje annaduk mihajlownaduk	я спрашивала у бабушки анны михайловны
tarigit emechol bichotyn potaptula	оттуда они приехали в потапово
haktyriwchu odan	темно стало
howe gorowo ganatmatcha	очень долго стрелялся
lukilwi sawurihisa-da luporosa	стрелы взял и вышел на улицу
ongkodoro	пасутся
heweki dawusadasa-te nunganman	бог ее держал
tadu eto ichetchem-de	там посмотрю
hurupkikokun ilkendepki	уходя они делали зарубки
ewkil ejdere nunganman	его не замечают
gribylwa tapdara	грибы собирают
taduk doldim tepkerwe	потом услышала крики
i nginakir minnun surure jolki	и собаки со мной пошли
tadu һalwetyn tajim znakomyjelbi bichol	там некоторых узнал знакомые мои были
ichem wolka udalin tadu wezde chagit	увидел следы волка там везде с той стороны неподалеку
dundelo emewren i gunderen	на землю привел и говорит
eto hujukukon ge igdamakan	маленький другой рыженький 
taringmi ganasiwki-da idu-do ewki nawkane	стрелял в него никуда не попадая
bi usittasaw dapkun klasstu	я училась в восьмом классе
hutelin-da monin-da josal eregerit	дети же сами очень испугались
ahiw gerbin masha	жену зовут маша
juzhnoj tajmurawa dagraw bargidawan	южную таймуру перешли на другой берег поднялись
goshajadu nawernoje tadu kuikotcherkel kikitchal	у гоши наверное там дрались покусали
udaltyn achir	следов нет
potom gewa motywa icherew	потом видели другого лося
taduk boloniwe tagiktam ororwo gotadana	потом всю осень пас  изгородь делал
degilde dutkikunmer tar kinggit hutelin	полетели себе домой дети кингита
internattu hawalchaw	в интернате я работала
amarduliwun aһacha brigadirityn	по нашему следу гнался их бригадир
angulda diwolda gunne	стали удивляться думая
taduk togongnerew dawiltyki i shurungnerew osholoki ulumikittiki	потом садимся в лодки и уходим вверх по течению к промысловым местам
dawatten nungarwatyn	похватал их
oj nungartyn gara tygewer	ой они взяли свою посуду
taduk doldiren eningehew	потом услыхала мать покойная
stadewetyn darili nenecho begem darile du̅tadechel	их стадо стороной я проехал в стороне были в чуме
kire ngo	фу вонь
tung nikese-da hele bi ehikokon nungarwatyn ngolefkondengow	делая так я их сейчас испугаю
nungan gunderen	она говорит
ustawan manawki wawki	всех приканчивал убивал
kojno bihim gunderen	говорит что заблудился
poetomu togda ajamamat abgaral bingkiwun	поэтому очень хорошо здоровые были
kungakan tar mongildi lukildi kungakar hutelwetyn hojoldulityn garpanusan	тот ребенок пошел стрелять своими стрелами детей в лоб
oror edu zhe emechule 	олени пришли сюда
kabineteldu tegettane edingo bingkiw gorojo 	в кабинетах сидя не мог там долго 
ter   wegin ere perestrojkalongahityn toli hele in eruwsu osan edu jekengdedu perestrojkadangahityn	в то время когда была перестройка тогда вот жизнь плохой стала здесь в эконде когда перестраивались
bi tuge angidangnam  dulai ngenedengnem tolgokildu   tolgokidu	я зимой это  домой еду на санях
tetygalin asir ekunda asin	у него одежды нет ничего нет
orordi bidane ororwo tahiktadadangas	с оленями находясь оленей выпасать будешь
lekarstwangiltin ngopchu	лекарства их вонючие
ororwo unatchawun tingaringe	оленей продали в прошлом году
orordi sururew	оленями поехали
ngolelim aha	я испугалась ага
ajakandi ujden uhikokundi	хорошенько связал веревкой
ngenektedende tadu nunganman	поведу-ка его туда
tushal uldelwi stolko	туши мяса моего столько
tar isewkeso er bidere gunne	она показала говоря вот они
owodylwe ustawan wasifkil e ekurdi bryzgowateldi	оводов всех убивают этими брызгателями
potom busselden leningradtu emeren dulai	потом она заболела в ленинграде и приехала домой
ekukakun-mel gunderen heleme chipicha doren hegdymeme girginadana	какая-то говорит железная огромная птица села позвякивая
heweki hele angilduk sitalduk odawki bise bejelbe	бог вот из этого самого из глины делал людей
net	нет
tar beitcheren tar demngenedukpi	он мстит за свои объедки
tak tuge prosto debdower debdower gelektedechowun bejngole nulgiktedenel	так просто чтобы поесть чтобы поесть искали диких оленей пока аргишили
hinngis opytis hegdi	у тебя опыт большой
hangedefkil depdower nulgiktededower	следовали за ним чтобы есть кочевать
pekteroningnende sipkanme	стреляешь соболя
hele ngenedekeldu	вот идите
ewki hilbere amaka	не рассказывает дедушка
nonon anginkif nengnenit mole ojonmunongkif	перед этим это делал весной дрова сплавлял несколько раз ходил
nu bidengkiwun tak-to erupchut	ну жили мы так-то трудно
a erewer shkolnik bichon iskole dudinkadu	а этот школьник был в школе в дудинке
minngi sestraw hegdymer turskaja hristina dmitrijewna edu hawalchan	моя старшая сестра турская христина дмитриевна работала здесь
wojnaduk bichon kujki	с войны был глухим
ugiskikon degilipki dunde	земля летит вверх
kergehelin eregerit hokorsol ilo odan er gunne	семья совсем потеряла говоря куда он делся
taduk eninmes huruwre	потом твою мать увезли
dada amaski hururen	дядя позади поехал
borongkon gerbisi amakaw bison muktenguduk	дед по имени боронгкон был из рода мукта
hamnihele oro   ol   olingnem	дымокуры делаю
badaraltin badarami-te gunifki dundewe	лесные пожары поджигать лес стали говорит 
nu iledyt	ну по-эвенкийски
toli amim oriren hamanme utokogir bahilajwe	тогда отец позвал шамана утокогира василия
takuju dal ehi	такую даль сейчас
homotywa bi rasskazhu on wachaw	медведя я расскажу как убил
palatkala dagamallawun	стали подъезжать к палатке
e tunngawa bejewa hihur   kep   e uim	о пятерых мужчин я связал
udadu hine beledam nu zaschischateldem	по дороге буду тебе помогать защищать
on odam bi	как буду
halgartin kepusol bisotin	ноги их опухшие были
tugeniwe tagiktarawun marteldula	всю зиму пасли до марта
ke pektyrekel beje	давай стреляй парень
gorowo bikenem heweki emeren	бог пришел после долгого отсутствия
er portala emellew	стали подходить к этому аэропорту
albaraw eja-da angidami wadami ni bejngol	не могли ничего добыть ни дикого оленя
hoktelwer ter nungartyn esel hare	дорогу свою они не знают
wertolettu dәgildәw	на вертолете мы полетели
tartyki tuktyhinen	залез туда
ullidengkin kokollolwa angiduk irekseduk	она шила рукавицы из этого самого из ровдуги
wyhodnoj	выходной
ih zhe namalchada edyn asin	их же  прояснилось ветра нет
wse	все
amim toli buslelcho bison	отец тогда заболел
duktekon indewkil	вдвоем жили
hukuledere hukuledere	лежат лежат
epet hururen	опять ушел
dazhe gunipkil izbushka guru izbushkabal echol emone chto li	даже говорят избушку какую-то не оставили что ли
tung nikewki-da ekun-mal mujan gennowki iduk-pel biso	делая так ходил ему за водой
akim bison aleksa gerbin aleksandr	у меня был старший брат по имени алекса александр
nu umnot angiran pektyrenen nunganman	ну сразу это выстрелил в него
nungan gunen	он сказал
potom doldym m-m-m nekederiwe	потом услышала как делает ммм
to aja ajamamat dolsatcha-de	хорошенько прислушалась
e bihe	да они есть
bunille tare angil ngonimil	завыли эти длинные
bolshe omngom	больше не помню
etyrkonin nunganngin udygir wladimir konstantinowich	ее муж удыгир владимир константинович
nu ehi ehi ehite gorod tadu	ну сейчас сейчас-то город там
tadu maril jaktali dynngilecho tadu	там кусты вдоль ручья он бежал там
terehedene tuksahise nunganman	побежав колотит его
da bi gunderen amutwa upkatwan hurupdai tar hunngi tygehun hujukun engeni	да говорит я все озеро принести  но ваша посуда слишком маленькая
ichechelim ajamamat	я стала хорошенько смотреть
nu bednenko	ну бедненько
da	да
tolikorke beje ilmaktal hunatkarwe ahaktalingkin gundenel	говоря тогда-то человек  молодых девушек гонял он
uchakki dawamalcham menngiwi uchakki	учака схватила своего учака
amargut okinmel emedem	позже я приду
hele dumajdana dumajdana tar beje angcha	вот этот человек думал думал и это  
nungandun tare hawaline prawitelstwo buson dur ordenme trudowoj slawy wtoroj tretjej stepeni	ему это за работу правительство дало два ордена трудовой славы второй и третьей степени
er ekspeditsijal ora hutelwew bufkone	эти экспедиции сделали моих детей задушили
һojduk muchucha	из тундры вернулся
odnazhdy umno etyrkom umno etyrkom angiran bakaran abdunma	однажды мой муж это самое нашел берлогу
inihilderes	живите
taduk huidygif ahatkanngif duga baldiran wala gerbisi	потом младшенькая девочка летом родилась валя по имени
molkewutcham	мне померещились призраки
burduka asin	муки нет
hargi-luwar-ka tar iseso-do tumnisa dereldutyn taringildun tar heweki bejengildun	черт-то когда их увидел плюнул на их лица на лица этих самых людей бога
utole-te ehi-de ororduji hjerdutyn hjerwatyn minefkil edewer hokorde   hokormi tarwo orone bakadatyn bakadawer	раньше и сейчас оленям на ушах уши режут чтобы не потерять если потеряют этого  найти чтобы чтобы найти
ter engnekorwe nungardulatyn tastasawun ohotnikildu buttotyn bultamnildu	тех телят мы к ним гнали чтобы они раздали охотникам охотникам
erupchu huruwren	плохо увез он
dolbo tadu iheldu nungarnuntyn awki	ночью там на камнях с ними спит
tar hele umno gennohiso bejelwe okanem angja muja	вот это однажды бог сделав людей пошел за этой самой за водой
ila nungartyn ora	куда они делись
ogdoske	дуся
igarkaduk elo prihodili ororak uguchchanal hantajkala tar hine nanchitchikajemi	из игарки сюда переходили ехав верхом на оленях в хантайку когда тебя я нянчила
togda toli ichenosinew sewernaj tajmurala	тогда тогда поехали посмотреть на северную таймуру
toli nginakin turosi biso	тогда у собаки была речь
i wot bi tug hawalim	и вот так я работала
tadu bi isdechew nungan bichen e baldichan primerno umukon tysacha dapkundar dapkun nungidu anganidu	там я видела она родилась в тысяча восемьдесят восемь шестом году
jangkakundula emewso iheldula	на горы принесла на камни
bi-ke cho	я-то что
tegekel	садись
nungan dazhe guningkin w berloge epko ware   abachi	он даже говорил в берлоге нельзя убивать   медведь
dun achin eche angidara opdere	чум не построен
hodyh tare ororwo tahiktamnityn ere jekengdewon	он лучший пастух оленей в эконде 
a tala telegrammuwe bakachal potom uzhe ushli kogda uzh dawno һawaichalawun	а там телеграмму нашли потом уже когда уже мы давно ушли гулять
ajamamat ohotilsadechaw	очень хорошо охотился
i wot gunen	и вот он сказал
i wse	и все
chaski hururewun	дальше пошли
tartiki ugusakit hurungnende	туда верховым идешь
mortyn mortyn achir	самих нет
tungadan ororwo	пятьдесят оленей
potomu chto erupchuje deptyleje kotoryj esikotkon depdengnere engkiwun dewre	потому что плохую еду которую сейчас едят мы не ели
nu i emepchotyn nunganman jerbekedu	ну и привезли его в ербогачен
tar amingahaw emeren omolginun 	отец покойный приехал с молодым человеком 
gorodtula indam dudinkadu	в городе живу в дудинке
hegdy kete orosil ewenkil hutelduwer anangiletyn engkityn bungkityn namisane	эвенки у которых много оленей это делали давали своим детям важенку
tarit-de nungan gunderen	потом он говорит
taduk taringin  	потом тот  
akinmi andrej busen mindu dapkun ireksewe eldundaji odaw	старший брат мой андрей дал мне восемь шкур покрышку чума сделать
irtyki biren dus	где находится твой дом
ngenedene ngenedene dukchalwe iseso dundegesin-te	шел шел и увидел чумы как на земле
kunga ngenewungkif bejelwo	я возил людей
oroheme oron hegdi umnej	что касается оленя олень очень умный
hurur   achir ora	не стало их
uldengiltyn lokusadawkil tulilo	мясо их висит на улице
nado s utra zhe hururektyn	надо с утра же ехать 
nu ajat bidengkiwun	ну хорошо мы жили
konechno konechno wse wrema	конечно-конечно все время
no pektyrokel ajamamat	но стреляй очень хорошо
danduk duldo hele-ke ngenedengōtyn	за двенадцать дней доедут
eningehe guningkin	покойная мать говорила
hurure erdelon	ушли совсем
abachi tegeren	медведь сел
gasa mokanme gunne	взяла полешко думая
tar kinggit guso	сказал тот кингит
bunille-he uregendu uregen ojodun	завыли на горе на вершине горы
taduk dudinkala hurum	потом в дудинку поехала
tungiwe-ne mindu tu tungewa otmetkawa bupkil patorkelwe polushishaw ene girametne bihe monngitpi opytitpi hawalnatpi oron hawawan	пятерку вот мне отметку пятерку дают пятерки получал будучи неграмотным со своим опытом с проделанной оленьей работой
turuhanskeduk tselyj anganiwe emedefki ngekendela	из туруханска целый год возвращалась в эконду
edes degiwuhine-da erit wattingaw hune guso	если не унесете поубиваю вас этим сказал
on keden jopu bire tarba bejewe irgitcheri nungan	как же ему  кормившему того человека не быть жидким
heweki hururen	бог ушел
ekunka nawernoje nginakir kikirkal kuikotchenel	это самое наверное собаки покусали когда дрались
ewedyt turonderew	по-эвенкийски разговариваю
amingehew efki menikleji bu   bufki pushniktu	отец покойный это самое делает за себя сдает приемщику пушнины
ewa echesun jesche gorowo nulgidisun	почему вы еще не сделали долго так аргишите
potom ahilaren	потом он женился
ilo idu tadu tala hurupki tara hurupki	куда где там туда пойдет сюда пойдет
amim emederen	отец мой идет
emenmure nekurwi ahamil	остались младшие мои сестры
nungan aderen	он спит
kojnonun-te birokin ulikel guso	раз заблудился накорми сказал
opat tozhe ohiktakardi opki	опять становится звездочками
nikisere emewuwki	уточек приносит
tare dapkun klaspe manasaw tutonchanedu	восемь классов закончил в тутончанах
ehi polno binore nawernoje	сейчас их полно наверное
eningehew ngolelcho	мать покойная испугалась
m-m	м-м
jokederen	кричит
ohotnik bison	охотник был
ekinin tozhe	старшая сестра его тоже
cherez goda   annganili ilallali   ilalduli nengne tali zhe ngenedechow umukin na uchage uchaktu	через года   через три года весной там же ехал один на учаге на верховом олене
mune huruwupki ilo dula	нас возит везде в чумы
kak goworat ajjaw merwer	как говорят выручили самих себя
dewso niso  	он поел и это самое  
kungakan tadu hutetyn biso	там был их ребенок
a eninmi uzhe dapkun annganil kak achin ocha	а мамы уже восемь лет как не стало
ngelewsy-ko ama-te amawun ewki doldire	страшно это дед наш дед-то не слышит
nanmaktal asir bifkil	комаров не было
ke gunen bokonchukel nunganman	давай говорит догоняй его
menderkangaha tawardu ungundu tozhe dundegin bichon	покойный хромой там в этом тоже с той земли был
tuge tuge de   tuge tuge okallu	так так делайте
gunipki	думает
ge huktyllen	второй убежал
etem etem bol    etem etem goworu tala bolshe angire	не буду не буду больше не буду не буду говорю туда больше это самое
a nekunmi wasilij a abachutkan byl   echen-ton hegdy bire dwuhgodowalyj huchuhicha kotot	а мой младший брат василий а медвежонок был небольшой двухгодовалый ткнул пальмой
taduk gunim-te  	потом я сказал-то  
dylgan-ta amingiw	голос-то моего отца
tuksadaran tuksadaran	бежит бежит
nu tala echawun-ke ajchawun nu i wso	ну там это сделали добыли ну и все
tyniwechawudu ngenedechowun	мы шли позавчера
chipkarwi bihe	птицы есть
bi baldychaw tutonchanadu	я родился в тутончанах
uzhe nungannun indengkiwun	уже с ним мы жили
tolko dirikan emonmucho	только сопка осталась
eknilwe tadu bidere lena tona	мои старшие сестры там живут лена тоня
dapkali girkum	по берегу я ходил
hurure tali du̅liwun ngenere	поехали туда через наш чум проехали
potom uzhe tala hannguktalim	потом уже там я спрашивать начал
hele isefkekel mindu idu taringilin	покажи-ка мне где эти его 
e̅ etyrkor ehi tarilwa dona	да старики сейчас тех вспомнили
bi bultadem chipkanduli	я охочусь на соболя
degiwufkondengow hamij tar dui dagalan	заставлю их принести меня по воздуху прямо рядом с моим чумом
er-do-te mudaningiw hegenim huwulwon	вот и конец я рассказал все
guchowdadoi nikochow emokel	хотела сказать оставь
potom ichesinim amaskii	потом посмотрел назад
dәgrә samolettu	на самолете прилетели
bi-de echew popalle	и я не попал
elo mittulo beje emeson hargi	сюда к нам человек пришел харги
kungakan tuksahise moloro ojokokurwotyn ugidoldulityn tuksahindana	ребенок побежал убегая выше вершин 
bi gunim	подумала
a sejchas ja pensijadu bidem	а сейчас я на пенсии
taduk nungan ujden nungarwatyn	потом он привязал их
oldokorwo ehikon nodadem tala	рыбок сейчас брошу туда
institutylwa manasatyn	институты они закончили
chajnikilwe hujupcho	чайники вскипятила
a gil-ke uzhe hegdykor ochal	а другие-то уже большие стали
ajamamat bidere mittuk heleket	очень хорошо живут лучше нас с вами
inichederil bidere inichedenel bidere	запряженными оставались еще
da	да
uldilen odaf	я стала мастерицей шить
edu ekun-ka asin bison gulel gulel ewki dukar tadu eduk erbanduk niski	здесь ничего не было домов домишки были немножко отсюда внизу
ajisifka buslewe oronmo tatarwen ajisifka	лечить надо больного оленя чесотку лечить надо
potom umno jesche ulguchonderen	потом однажды еще рассказывает
potom ichetcheren peschera	потом видит пещера
hele tar-wahin bidengnogin	пусть он живет
dawaj hikilden nungarwatyn mukondi	стал мыть их водичкой
silno tetedu edu-de hawaldami-ke achin hawa	сильно ни в тетее ни где-то работать-то не было работы
ranenyjengilwi ahaktalingkin	раненых своих добивает 
pensioneril starikiw minngi pensioner bichon	пенсионеры мой старик пенсионером был
bi gundem nekunduwi	я говорю своему младшему брату
eninmi garan-da amakatkie hururen	мать взял и пошел к дедушке
o jopun-keme ho	о очень жидкий
oror	олени
ganalchil hongetyn guso	начальник стрелков сказал
taduk tastawun namadi engnekonme hujukoriktelwe	оттуда гнали сто телят одних самцов
taduk hingilgen bururakin hungta orokin elun kapkasilingnaraw	потом когда снег выпадет когда глубокий будет снег бездорожье мы начинаем капканами охотиться 
nu taringityn potom opat uwiriwren	ну она потом опять поднялась в воздух
gunno gucho һari beje ngenederen	подумал знающий человек едет
widno amundarka	видимо он испражняется
ilitchechon	стоял
chipkakanme isede chipkan gunektyn amaskii tuksandende	видя утку если говорили утка ты назад убежишь
ame̅ ekukan ngalen harbaldediren tadu	папа кого огромного рука растопырена там
uzhe bumudere nungartyn	уже умирают они
mangil huktydere hirandere ijundu	медведи бегут спариваются в июне
no hutelwi tak-to daj bog indere upkat	но дети мои так-то дай бог все живут
tung nikese-de huruso	сделав так он ушел
gugarele doldym	гугары услышала
efkil onore ahatkar tawer	не вышивают эти девушки
nu ja jesche i za leto rasskazala	ну я еще и за лето рассказала
ewilen	стал играть
potom gela dula huruden	потом в другой чум поедет
no tak konechno mongiw angiw choliw iledy kak on omngodenni	но так конечно свой эвенкийский язык как забудешь
tuk kedene abdundula turgam	так наткнулся на берлогу
bu bi doldim	мы я услышала
biradu	на реке
bejewe hereket owki	мужчину отдельно делал
mozhet ulokkidam kak-nibud	может обману как-нибудь
opat hutesil	опять с детьми
hele isewkondengow er hergudu dundedu bikonem emem gunne	вот покажу сказав что пришел побывав на нижней земле
tarit tawer beje buwki odan tar hargi tumninadin	вот люди и стали умирать из-за плевка черта
girkuna	пешком
bi pektyrenem	я выстрелил
nekotoryj hagdikar olenewodil tar dawusedere oronme	некоторые старые оленеводы те держат оленя
a tolko hagdanmi osan rybakom	только состарившись он стал рыбаком
hurkokochonme ele eleli ocha pramo bedni	вот как мальчик как раз прямо стала бедная
tawungnerewun potom utrom na̅n һangkelduldule̅ namngnerewun na̅n hurungnerewun	ставим палатку потом утром утром опять на санки на санки кладем опять едем
er ungun mina aminim bichon	это отец мой был
umukonme bultarew	одного добыли
emedengnerew emedengnerew	подходим подходим
eldu-ka nu kak skazat-to eti kommersanty komme    kommesar   kommersasheldu uniengnerew shobdorwe ulukilwe	этим ну как сказать-то эти коммерсанты коммерсантам продаем соболей белок
hutelwi er guletyn ere ajat	у моих детей дом это самое хорошо
deptilele k    deptilelwe iruk   iruktedangkitin orordu turuduk kislokandula birali tunguskali	продукты возили на оленях из туры в кислокан по реке тунгуске
oldonwen produktele emewupkil oldonwen һuruwupkil	рыбу продукты привозят рыбу увозят
gedu kergendu hunngtu oronngityn hamilkin	в другой семье другая отметка у оленей
huksillaldi girkudachawun	мы ходили на камусных лыжах
nu i  	ну и  
opat amim opat mine hurupden	опять отец меня везет
kure uteleptyduk juchal dawno tar 	давно вышли из огорода
glushnew mihail pawlowich bishon hegdi doktur	глушнев михаил павлович был большой доктор
ge hunadif renata inderen norilskadu	моя вторая дочь рената живет в норильске
dolsatcheren tegetcheren	слушает сидит
amim eninmew hagdy hagdytmer bison	отец матери старше был
a bi emerepte hunnun numotchildew ehile	а я мы с вами приехали и я с вами стали соседями вот
alik mune tali mumnget ngenepchan wot	алик нас туда напрямик проводил вот
uguchakildi ranshe ngulgingkiwun	на верховых оленях мы раньше кочевали
degiwuskeldu dukte guso	отнесите меня по воздуху вдвоем сказал
dylwer altyndengatyn	голову отвернут
kik kik	кык кык
tar dukchaldula emeren derukonem	устав он пришел к тем чумам
skolko wertolet isyssa degipki ehi	сколько вертолет летит сейчас
hergiski-kun buruso erdelon	совсем упал вниз
ehaw erupchut ichepki bichon	глаз у меня плохо видел
warew toli ketememewe ullelwe ollolwo	добыли тогда много мяса рыбы
sa   sadiktula engkif girkura	в садик не ходил
bultadande dengkejawel kapkandu tagadan	добудешь соболей в капкан попадет
uchichildә әdu hәgdy	учиться стали здесь большие
o dolboltono emedem	о вечером приеду
a warak nunganman hangukchadaran	а враг его спрашивает
bu amarkandun emerew nulgirew	мы после него пришли прикочевали
bi kungakan beledengkif luhu	я ребенок помогал всегда
tadu indengkim   	там я жил
nu monme tetywuldan nungan	ну сам зарабывать он стал
halgardii tugi erdene oldolwo dawaksideren	вот так разгребая воду лапами ловит рыб
chinmonen i huktyllen	отпрыгнул и убежал
ngenederen ngenederen ngenederen edengo baka   bokono	идет идет идет не может догнать
amaka tar etot  	дедушка этот  
bu dagamatchow	мы приближались
ulumidesotyn	они белковали
wes palets wot takoj tolschinoj zhir salo	весь палец вот такой толщиной жир сало
tadu dun biso tar kinggitngi	там дом был этого кингита
anan targasin mu idu-wel biso	специально такая вода где-то была
mozhet irgidere mozhet	может вырастят может
hanguktachaw	я спрашивала
taduk uzhe hagdy omi elo emeren edu hawalchan	потом уже старой став она сюда приехала здесь работала
bi-ke tyrganiwe bultadengnem girkudangnem	я же целые дни охочусь хожу
monin opat eto bokonchulden tar bejewa ekun beje ngenecho	сам опять стал догонять того человека который шел
hele amininhinche tar angi biso	отец наверное это был
opat dunde gorolo degilipki	опять земля далеко летит
potom tadu stadolatyn nulgichowun nungardulatin	потом туда в стадо аргишили к ним
guniwki biso tar beje	человек говорит
akinmef tar eso nido nido gada	старшего брата моего никто не взял
enintyn ukubdegin nungarwatyn	пусть мать их кормит
degiwuwkondeso biso ojityn ukkanem	заставлял нести по воздуху сидя верхом
potom krasnaja rechka tadu indengkiwun	потом красная речка там мы жили
tar gulcho	подумала
gunem	сказала
i angilcha gadasilcha	и это начал стал гадать
wot nungan ulokkidai nekederen nunganman	вот он хочет обмануть его
ni-wel ngenecho halgardi hegdyngekokurdi	кто-то прошел большими ногами
ekel nidu-de hehene gusow-luwar 	я же сказал тебе чтобы ты никому не рассказывал
irgisilda	вырастили
kak erkon dugani chuka baldyran uzhe wse nulgihinew	как маленько летом трава вырастет уже все мы начали кочеввать
tug nikeso-de hewekinun girkiladewki biso	 дружила с богом
beledengkityn nungandun ororwen tahiktedene monin-ta tahiktedengkin	помогали ему оленей его гоняя и он сам тоже гнал
tadu tar umukon dukchala iso-do tar beje	потом этот человек зашел в один чум
lukilwi lukilwi bira dapkadun tugartyn iliwsa-da	свои стрелы свои стрелы вдоль них на берегу реки воткнул
er nan ekun kungakanin tegetcheren	это еще что за ребенок сидит
tug-de kete hutel-du manawra hute    hutelin eninngeheji manawra	так многие дети мои кончились дети моей покойной матери кончились
owsankilwe dawungkiwun do ekun	овсянку ели желчь какая
tak-te ele	так-то вот
nu onokow goromomo bichon bali	ну бабушка очень долго прожила слепая
hilatna dewuwki tar uldeje emewrekin	когда тот приносил мясо он ел его жаря на вертеле
bi hujukun bisof	я маленькая была
gunen	сказал
etyrkon buslәldәn	муж заболел
tug-do-te ho hebdalon bingkin	так очень весело было
taduk tar tare tadu-da emkejew osatyn hekiduk	там же люльку мне сделали из большой лиственницы
tulosingkiw kapkara	ставил капканы
bu-wehin ajat amija akin-da ajat oldowo bultangkin	мы хорошо отец брат хорошо рыбу добывали
patyj ekspeditsija moskowskoj	пятая экспедиция московской
hele ere prezident hungtu odakin-te putin osalan hele inmun ajatmer osan	вот этот когда президент другой стал путин стал жизнь наша лучше стала
wot tak i potom  	вот так и потом  
togda amakaw ureldu motymidangkin-de	тогда дедушка охотился в лесу на лося
potom ajamamat ichechellew-da nungan muntyki ichetchene	потом мы стали хорошенько смотреть а он смотрит на нас
ranshe aminmi ekun bishon	раньше мой отец этим самым был
dapkunma klassyl etem	восемь классов закончила
burandi girkuna kigloldi ontykin-te	на буране пешком на голицах всяко-разно
taduk eto heweki jesche raz ikteren-de	потом бог еще раз ударил
ischa-da tar dukchala hegdyldulotyn ischa-da moldutyn tegeso urkodutyn	дойдя до этого большого чума он сел на дрова у их двери
eleli stadowe gnali tuhardeduk	как раз стадо гнали из тухарда
ekun odan	что случилось
amarindulawer emerew	прикочевали на прежнюю стоянку
amiw akim bishon iwan nikolajewich nikolaj jegorowich amin eni	старший брат был иван николаевич николай егорович отец мать
orordi huruldingkif dalnunmi kergennunmi diski orortiki	на оленях уезжал вместе с родственниками с семьей в тайгу к оленям
nginakirtyn aiwukkakur hukulodewkil	собаки у них лежат очень сытые
nu on bi ohotichaw	ну как я охотился
hargi emekteson edu bejengilbas tumniren-da hururen dereldutyn	черт приходил оплевал твоих людей и ушел на лица им 
gorowo inchon	долго жила
tymaltane bu etyrke̅nwun dezhuridergu һuteltyn adapkil	с утра мы с мужем дежурим наверное дети наши спят
engnekel nunganman ere ehaktara	не делай это не трогай его
inwalid odam er orordu edene hawaldana monmi ugrobichew tuge	инвалидом стал при этих оленях это самое делая работая самого себя угробил вот так
ami mine teruttan guleldulo	отец позвал меня в поселок 
klaradu achin ochan nungan	при кларе ее не стало
ambardu bisowun	на рыботочке амбар мы были
er bi herguduk dundeduk emem	это я пришел с нижней земли
luchamnil girkudara	русские женщины ходят
e nginakir taduk archamkadawki	эх собаки потом выходят навстречу
tadu hojdu tegewkoso dun isewridun	там на тундре он их посадил где был виден его чум
achir oror tare	нет тех оленей
muretkokun gusol jopu ho jopu	совсем как вода сказали жидкий очень жидкий
ohala mongnideden	камысы выделывала
tegemije gennodam ullewe	завтра заберу мясо
irtyki-do degiwderiwon tar beje ewki ejdare	куда его несет тот мужчина не понимал
taduk nungan hururen	потом он ушел
engnem nungarwatyn isere tunga anganiwe dan anganiwe	я не вижу их пять лет десять лет
һarukkar һuktywugine tarja̅kakla ororwetyn tangaһichal bichol	немного подвыпившие уехали далеко оленей считать поехали
bokonchuchelden nunganman	начал догонять его
taduk gef omolgif sashaw tuge baldisan fewralendu	потом второй сын саша зимой родился в феврале
a kogda amingahaw emengkin	а когда отец покойный приезжал
bi-ke ilmakta bichow	я-то был молодой
amtyl amtyl amtylgali	с родителями
ewa ngeliwsipchu guson	что страшного сказал
illan lapeldi	встал на лапы
gunderen	говорит
uchakki ere angim uchakki pustym uchakki	это самое своего ездового оленя отпустила ездового своего
imuren ejan bichon eto	жир такой был это
putewurtin ngopchu	мази их вонючие
angadakarwa dajakal i eto engehijes budem	спрячь сирот и это дам тебе силы
kuranek iherikte	одни только камни
net daleko goworit opat gorolo ekel ngenere togda	нет далеко говорит опять далеко не ходи тогда
w sorokowom godu w sorokowom godu rodilas	в сороковом году в сороковом году родилась
bi gunem	я сказала
taduk musum	потом вернулся
ekunme gogodepkil tug	кого так лают
ulokis ho guso	ты очень сильно меня обманула  сказал
da ehi er tundrelo bihim pramo kak raz bihem bi tozhe	да сейчас это самое в тундру я прямо как раз я сейчас тоже
ngeneren ngeneren	шел шел
bi uzhe kali odam	я уже большая стала
ogon	сделано
hawalim tozhe	я тоже работала
ungtuwunmi gasa	взял бубен
danduk nungun annganisi biso mindu	шестнадцать лет мне было
wot prowodnik gundere	вот проводник говорят
rowduzhnyje rukawitsy	ровдужные рукавицы
umno uluki tagapsa bisan	раз белка попавшаяся была
ngolefkondem-de hegdyl taringilin	испугаю а они большие
bejngo ireksewon tar kinggit ememnewon   inngaktawan ussa-da dylasatki olgisa neptale	шкуру дикого оленя принесенную кингитом   он подстриг шерсть и высушил на солнце гладко
i goshajadu nginakirwi achir tadu	и у гоши моих собак там нет
ustawatyn manasa lukilwatyn dawana garpawki mortykityn	всех прикончил хватая их стрелы и стреляя в них самих
sitaduk bejelba owki-da taduk muwe gennewki iduk-pel-da	он сделал людей из глины потом пошел набрать откуда-то воду
muchum	я вернулся
toli hutelwi hujukukor ekundi-da edengo bison uliwre	тогда дети мои маленькие не было возможности их хоть чем-нибудь накормить 
tar-ke nginakirwi gogodere	вот собаки мои лают
edydukki hukiteje obratno garan	у мужа обратно взяла свой живот
tar hele isewkosilcho tar uganalbi	вот он стал показывать то что принес
ohalba isel ahal	женщины выделали камусы
walektu tar urindapkil bichol	в вальке останавливались на один день
nu nungan icheren nungarwatyn	ну он увидел их
wot tak wot	вот так вот
horosho angty ekun-ka tadu	хорошо этот самый там
umno nulgischowun	однажды мы аргишили
nemulemnin iwkil ergesin	так они мягко выделывают
so ajat indichetyn	очень хорошо жили
tuksama bingkif bi kungakanduji	я быстро бегала в детстве
taringin uliso	та покормила
radistka bigin	радисткой пусть станет
angilin herangilin tolgokidu bidere	это жерди на санках
ngelelim	я испугалась
sipkaminade kislokandu guniwkil dengkeminadi	охотиться на соболя  в кислокане говорят охотиться на соболя 
onedidangas taringilwi ni-ka alitin ongkolitin	ищешь их по краям их копанины
nu i idu-tonu	ну и туда-сюда
nungan huktyllen	он убежал
nu a mitkit nawernoje birke hegdy samolot ili nlo	ну а по-нашему наверное большой самолет или нло
wospitywat omngom one	воспитывать забыла как 
s juga	с юга
ekunma odande	что ты делаешь
ekun nunganman engehin	кто его сильнее
monin chaski ngeneren-de	сама дальше пошла
bejngoje emewuwki	дикого оленя приносит
hutәlwi hәgdyharә	дети выросли
er ahatkanme ewunawer gadas ewa nikodon	для чего вы возьмете эту девочку что вы собираетесь делать
nu gunem goshajadu bidenore nawernoje	ну подумал у гоши наверное находятся
ororwun uch   namasal akchudapkil	наши олени важенки рвались
monin ere jekengdewanduk	сама она из экондинцев
guso	сказал
mangi oran	медведицей стала
potom hihewe hegdykokunme emewren	потом принес огромный камень
buson dygin klastu uchitngahiduw	умерла когда я учился в четвертом классе
epko zra abachiwa tak delat	нельзя зря медведя так делать
achin edu oran	здесь не стало
ekun-ka horosho huruchotyn	это хорошо они пошли
hu hutow bideren tadu	ребенок есть там
minngi er ehatpi edengo bihim hurure	с моим этим глазом не смогу поехать
edu hawalilchaw	здесь стал работать
ororwe tyningnerewun wesnoj w nachale ijuna chtob kormilis do komarow malenko nabrali 	оленей отпускаем весной в начале июня чтоб кормились до комаров маленько набрали
oj-oj-oj harpukan	ой-ой-ой шутник
doningnem eletyn bejel ahal umunukte munngi dumaduwun	вспоминаю все мужчины женщины собрались в нашем чуме
hegdyngemi-kenche bichon hag   hagdymikan bicho	он был вроде большим большим был
heweki gunderen	бог говорит
nu taduk arankanmɔ umishkanchengnerew	ну потом понемногу выпиваем
ohalwe monngidakal gunne	камысы выделывай – говорила
oj ekun hegdy bichon	ой какой большой был
nu ho engehichihinche nungan aga	он очень сильный
nu pektyrelim	ну я выстрелил
beledengkiwun	мы помогали
ngenecho   nulgidechowun gorolo polmesatsa mesats dulinman began oj mesats	аргишили далеко полмесяца полмесяца
hunadiw edu rentgendu hawalderen	дочь здесь на рентгене работает
satyrawa iwsowo gasa	выделанного песца взял
tar edo   tododohun hergudu dundedu biso gunne ere emewum hele er ohalba ireksewe satyrewe ere	чтобы вы поверили что я был на нижней земле говорит вот я принес эти камусы шкуру песца
brigadir one hawaldashaw hawaldashaw	я работал став бригадиром
dukte bidere	вдвоем они находятся
toli hulukokon bishow	тогда я маленький был
tarit oron kete irgifshon amaski	поэтому оленей много воспитывали раньше
bokonon	догнал
mune epkil gada	нас не берут
bi angim ngolelim	я это испугалась
hajale idudo tukdo	нету нигде так-то
taduk-ta tug-do tadu buso	потом так-то он там умер
minngi ororwi bingkityn	у меня олени были
wot tarit nado hewekiwe wsegda pomnit	вот поэтому надо всегда помнить бога
gundem	говорю
ehikokon-do inderen akim sashka gerbisi agisi nisi hutesi	и сейчас живет мой старший брат по имени сашка с женой с этим с ребенком
nungan gunen	он сказал
ekumaje-da bultaji bultadengat orondi hurumi	хоть какую добычу оленями пойдя добудем
elewatyn otnesli	все отнесли
buren-da tar-da manawren ilo-ke odan	так он умер кончился куда же он денется
uchastok nu na dwoih nu dukchan   dukchadu	участок ну на двоих двоим
idu nungan urineren	где он остановился
bultarew taringngar	добыли его
sowhoztu hawalchaw dygin anganiwe	всовхозе работал четыре года
tadu archarewun	там встретили 
epki bichen doldire	не слышала
diktelwe ungkulidecha taringmer	он ягоду в рот клал
nginakin  	собака   
kutuje asindu efkil baldyre	у несчастливого не растут
dulai hururen	пошел к себе домой
huktymmet wek nulgirew	ехали все время бегом
tar dundengdulii hururen hururen	шел шел по своей земле
tar hutelin hanguktawkil bisol	дети стали его спрашивать
kangkit mirenim	быстро вышла замуж
potom targit alikje emechotyn dy̅git orordi	потом оттуда алик и его семья приехали из леса на оленях
nginakinma gulcho	спросил у собаки
himulawki	молчит
hele etem gunne-ke emenmuso dukchadu umukin	нет не стану сказала собака и осталась одна дома
mine tawerke erke utom	меня узнала ли нет ли
potapkit beje nulgicho bicho balokitpi	от потапова человек аргишил в балке
eningehe gundesen	мать покойная говорила
a suda	а сюда  
horoshaja babka byla	хорошая бабка была
tar minngi entylwi tare mine irgidesol ajat irgire mine	мои приемные родители хорошо вырастили меня
tadu bichowun	там были
tihise tunganama oron batiknen istado woti bingkin tihise tunganama	тысяча пятьсот оленей вплотную стадо было тысяча пятьсот
tar bejetkon udalityn huruso ilkendulityn	тот мальчик пошел по следам по зарубкам
ke   kete hutochil bichotin nunganngilin an   antilin aminnunin	ее родители с отцом были многодетные
nungan mine anachan i potom huktylchan	он меня толкнул и убежал
idu	где
toli istanokil bishotyn	тогда станки были
nu tuksadaraw koje-kak	ну бежим кое-как
tarit-ta taduk-te һujetchowun emehichowun amaskiwer	оттуда потом разъехались поехали обратно
erkondu ichewrit nawernoje birke	отсюда наверное видно было
hurum ichetnom	я пошел пошел посмотреть
tar mut optyhiniwki-da taringilin aruwkil bisol	этой водой брызгал и эти его оживали
toli-do boloktowon ahilam	тогда-то осень когда настала я женился
helekokundi nunganman dasnawan oran	из железа сделал крышку
kak raz bushshedechow toli	я как раз болел тогда
hawalderew chopumoshol nu shukshilre	ходим ну на лыжах
mortyn hawaldara	сами работают
dundengtykii hurulmi hurupdengow	когда пойду на свою землю унесу
etem ahura	не буду трогать
ang urkedu ujuchededera angma chipkakanme	это у двери привязывали это самое утку
her hergula dundela burum girkudana emukin bultadene	упал на нижнюю землю когда ходил один охотился
potom sadiktu hawalim	потом я работала в детском саду
oror manawulda	олени кончаться стали
a usitchan leningradtu	а училась она в ленинграде
nu a tak chego  	ну а так чего  
aminmi gasan ekunme kruzhkekonme chiktilwe	отец брал это кружечку бисер
nul    nulgichowun-te tselyj nulgiw itykirwi ngenewumdek	аргишили-то целый аргиш пока вещи свои отвозил он
nungan emeren	он подходит
dongototchene	замерзает
potom emere	потом они пришли
mirison nungan aminduf ilandar anganisi bine	она вышла замуж за моего отца будучи тридцатилетней
dewugin	пусть поест
nu amakaw bichon onokow	дедушка бабушка у меня были
kinggit iseso-de ngelewse-de	кингит увидел и испугал 
nu bingnere tadu	ну бывали там
bi tozhe bi hawalchaf eto kolhoztu hawalilim	я тоже я работала это в колхозе стала работать
tarkakundi angillaw	вот ими стали это самое 
taduk-ta potaptula girkujichawun	оттуда в потапово ездили
prawda bidere dur hunadilwi mirnyjdu bidere dur	правда живут две моих дочери живут в мирном
wot ichetchengkiw eninmi  	вот смотрела на маму  
nu	да
taduk kahilisa	потом стал рвать
okiwa gunipki tegesim esew hare	сколько говорит сидела не знаю
hokonono	жара такая
ekun-da togda achin bingkin	ничего тогда не было
toli purgalcha bison	тогда пурга началась
tar ulgusondengkityn	так рассказывали они
ekeldu nikogda ekeldu niwe-de ang-ke obizhatte	никого никогда не обижайте
bejel dewdere tadu ostoldu tegetchenel	люди едят сидя там за столом
dapkun begasi bisof bi hujukukon	восьмимесячная я была маленькая
a m-m	а м-м
nungan pektyreren	он выстрелил
ororwo isesingkin	оленей посмотрит
e tar uchakilin huktylchel tuk-kon	а те учаки его убежали вот так
ororwo gәnnohinәw	оленей отправились забирать
o engehiw achin	о у меня нет сил
e angi er gundem aja bicho bimche	это это самое говорю хорошо было бы
uram	промахнулся
chipkar do etogo girkuishatyn	волки до этого ходили
kislokandu indena dan ahisi bisof tadu e-	в кислокане живя женатый был там
eninduji beledengkif	матери помогала
amngawan angakellu chtob nungan juldon tar changit juldon abdundukki	вход откройте чтобы он вышел чтобы медведь вышел из своей берлоги
umukon orondu kinggilon biso	у одного оленя колокольчик был
dylwew potsarapal	голову мне поцарапал
targit emechol bichotyn	оттуда они приехали
ekunda asin deptyletyn asir	ничего нет еды нет
tar-ke ichewullen dylin	вот его голова показалась
bi ehikon emamija tancheldem eto nungarwatyn	я сейчас буду их нарочно тянуть
on tugi ngenewufki-te prowodnik bine	как так отвозит будучи проводником
eninngehe gunderen	мать покойная говорит
nekurwi ilen ahal edu bidere	младшие сестры три здесь живут
dolboltonomok emengnem	только к вечеру прихожу
nulgiktefkil	кочуют
hakte inektelkotchere mortyn momongil	смеются сами над собой
nginakir gogodere	собаки лают
iren umukon dukchala	вошел в один чум
uregendu kaltyrdu tadu	на обрыве там на склоне
dumaduk juso-do tepketcho	из чума вышла и покричала
nungartyn dezhuridepkil nu a tyrga my bu һawaldangnerewun ni-ge jo̅	они дежурят ну а днем мы мы работаем кто же
taduk ustawatyn-te manaran	потом всех прикончил
angi popowy byli tozhe ewengkil	эти поповы были тоже эвенки
uzhe kali osalai nungan hawalildan zwerofermadu	уже став большим он стал работать на звероферме
e nu ertyki zhe unguntyki bine birke nawernoje	да ну туда же в сторону того будучи были наверное
palakineduwer baldym	я выросла в плахине
erdelon hurupsol tar bejewe	совсем унесли того человека
ahatkan odan	он стал девочкой
samolet horosho olenej horosho a oleni luchshe	самолет хорошо оленей хорошо а олени лучше
uste bejewe haren beje	человека знает 
ogdokosokonwi karijasanmi lukcha-da amardukin tuksadane	он снял свою парку с шерстью свою замшевую парку и бежит сзади
taduk iremidechowun tali wtoroj stadodu perwyj stadodu	оттуда туда в гости ездили во второе стадо в первое стадо
ngelifsipchu-keme erupchu ewiwun-do bimi etekel etekel	очень страшно перестань перестань потому что это плохая игрушка
bejel ororwe gatte	люди оленей разобрали
umno hele beje umukon bultadesa girkudasa sipkamidesa biso	вот однажды один человек охотился ходил охотился на соболей
guso tar beje	сказал тот человек
bejel-ke nungun bisotyn bukokutte	мужчин шесть человек было поумирали
wot mom edu indem poselkadu hantajskoje ozero	сама я живу здесь в поселке хантайское озеро
tarit gorowo inen	оттого долго жила
ehi wso ni poselkal dazhe netu	сейчас все ни поселков даже нету
dongotomi edu biso bimchel	если бы замерзли были бы тут
akim uzhe har hagdy odan	брат уже взрослый стал
gde-to nawernoje demngenen tadu birke ekun-ka	где-то наверное там его объедки что-то 
etyrkem wasilij iwanowich sururen gennesten orordi sawodalwe genneren emewren	муж мой василий иванович поехал чтобы на оленях привезти вещи забрал привез
uchittangkif uchamidu	учился я в учами
chasowna	часовня
potom chaski sururew hereket hereket hoktet sururew-ke esile	потом в сторону поехали другой тропой поехали тогда
tajmurawa dagraw	через р таймуру переправились
taduk hele nungan nunganman umkanem nan gukanem taduk ganatmasilcha	потом это он его   стал стреляться
amin awipdafki eningehi aminin	отец дорогу делал  отец покойной матери
muchuderaktyn ere udadutyn ihicha-ke bicho	когда они возвращались он на дороге их догнал
i bu potapchikaduli tozhe eweski	и мы через потапчик тоже сюда
kerimkorwe pektirudengkin utele	белочек стреляла раньше
nu nungan tykulden i dawaj tuksahinen	он рассердился и давай бежать
tymatne elewon ora	утром все сделали
bi etem hindi girkitedemi	я не буду с тобой дружить
ewa	что
hulukunduf bu nulgiktedengkiwun ere ambarduli kulumbeli	когда я была маленькая мы аргишили на этом самом по рыботочке амбар вдоль речки кулюмбе 
dudinkala norilskaduk walektu	в дудинку из норильска на валек
mudu er-ke ange irgektelduk tegetchechotyn	в воде сидят от паутов
buruden kotoryj opat gory opkil	которая упадет опять горы появляются
gunne dumajcha tar beje	подумал тот человек
ororwun hutole kete bisotin	оленей у нас раньше много было
umukonme warew	одного мы убили
taduk nan ulumu    ulumingnerew ulu   ulumongnerew	потом опять уезжаем белковать
bi ungtuwune okta er irekseduk	я сделаю бубен из этой шкуры
ketewo orolorwe bungkityn orolongme	много оленеводам мы давали оленеводу
ujden ajat	хорошенько привязал
moti hukuledekokutten hojdu	лось разлеживается в кустах
amaski tepkedana tuksadam	назад я побежала крича
tar ireksengmi angdan-da oran tar ungtuwune ehi tar hektakarduk mojan okanem	сделав из тальника каркас он шкуру это самое и вот он сделал бубен
inektengkityn	смеялись они
eninmes huruwren	твою мать увел
nu prodajdangkin zdawaj zdaningkin magazinduda tar kak trudodni	ну продавала сдавала в магазин-то как трудодни
eduk oran mugdekon	откуда взялся пень
taduk amakadukpi hanguktalcha	потом стал спрашивать у дедушки
ororwo ajichimni	оленей лечащей врачом оленей
moladengkif	дрова готовила
ungtuwunmi gakanem ungtuwunmi luhu duktedene ojityn	взяв бубен в бубен все время колотя наверху
no wso rawno etem omngore	но все равно не забуду
potom turpakadu shkolnyj mys	потом на турпаке  школьный мыс
achin bichon edu mugdekon	не было пня
iremohison-do huteldeloi	поехала в гости к детям
kereminoschowun sewernaj tajmurala	поехали охотиться на реку северная таймура
wadende	ты убьешь 
goworit nungan	говорит он
tar bu emerepda bi nanchitchelim	когда мы с вами приехали я стала нянчить 
ranshe ewedyt da ewedyt	раньше   по- эвенкийски да по-эвенкийски
urinellew	остановились
wasilij	василий
hodu gorodu utole umukon beje bultadena emukin girkudana erdelon ekun-mal jamadun buruso	давным-давно один человек когда охотился когда ходил один упал совсем в какую-то яму
bultarew	мы добыли
kotoryj dunde tala emenmuren ugilo ohiktakardi odan	земля которая осталась там наверху стала звездочками
guson	сказал
wot hagdandulaji ulditchengkin	до старости шила
ewande echew erakade	ничего я не это самое 
potomu chto eche huktylle muntyki	потому что не побежал к нам
no enin   eninmun umukin mune angedechan i  	но наша мама одна нас это  
kan nungan ofkandingkin er nawehi nawehilwe	именно он велел делать навесы
dynngilegicho tepkedene nungardulatyn	побежал ревя к ним
ehi hunmiktel nawalom	сейчас мошки навалом
w upor pektyrochon	в упор он выстрелил
mikchanem uguchaktyki	спрыгнул к оленю
bi hine nodadingaw eregerit	я тебя совсем брошу
i obed ngenechelen nulgistew nulgistew wpered	и когда обед прошел начинали аргишить начинали аргишить вперед
bi ichedem ongokton bagdamacha belyj polosa bagdama	я вижу у него нос побелел белая полоса
ni nekunmite achin bisonne	ни младшего не было
amtachan nungarwatyn-ka	он почуял их
bi bangnem on brigadir bidem gunne	я отказываюсь говоря как буду бригадиром
nungan ngolepkonen nginakirwa	он испугал собак
ikoleptydi   uguchaktu tegetchene ikodene ngenedewki uguchak i doldim	я ехал сидя на на верховом олене и пел и услышал
umnekorte ekun emeren mutpe ewedyt alagudaje	редко кто пришел нас по-эвенкийски научить
eninmi paka indechon dudu edu tozhe jerbekedu eninunmi ulguchematchengkiw	мама пока жила дома здесь в ербогачене с мамой разговаривала 
chto-to ewa-wal ngaleldiwi mine monduloi  	что-то почему-то руками меня к себе  
wot ehi ehaja asin odam wot teper	вот сейчас без глаза стала теперь
nu nawernoje birke	ну наверное
gramatew asin wse rawno ulgusoningnem tugu tugu tuge ajisingnem ororwo tugu tugu ongnokorwe baldiwungnerew gundene	грамоты у меня нет все равно рассказываю говоря так так так лечу оленей их так так телят выращиваю
ekun-ka uchastok hogdynga	этот участок большой
tar togower hingkerideriwan gundewkil bisol	говорили что огонь у них трещит
chisto bichon ekologicheskail	чисто экологический был
hawaldere	работают
enupchu tukkondi erehindem enulon dola	больно вот так начинаю делать больно внутри
taduk musumi	потом вернулся
ekun-da asin	ничего нет
potom wertolet degilchalan hurum neku neku dagin hukulediren	потом когда улетел вертолет я пошел рядом с лабазом лабазом лежит
wamulcha nginakinma heweki	бог рассердился на собаку 
tegeminun nihunehinem-nun dadanunmi	назавтра поехал отвозить тушу с дядей
chipkarwe wadechaw motȳlwa	соболей убивал лосей
nungartyn chulugdyl hegdymemel bichetyn	они чулугды были огромными
da	да
olgisa-da taduk hele taringmi tadu lokoso ajamamat olgodon	высушил и потом-то ее повесил там чтобы хорошо высохла
hokoritte-da malyj stado manawren oron	потеряли малое стадо олень закончился
ekura nikedengol odawer ngoldan tar sipkanngis	что делать 
bi hujukukon bichow togda	я маленькая была тогда
bi nunganman gunil   oril   	я ему стала   
edu ariren edu-ke pastukilkel gunne	сюда позвал сюда говоря пастуши
ekeldu emere eregerit gundene	не приходите никогда говорит
huruwsotyn er ilkendenel hurure	увели делая зарубки пошли
nu togda etot warak gunderen	тогда враг говорит
ekun-mal-ta odan	что-то случилось
ulgurdam on hargiltyki shurungnerew eduk	расскажу как в лес уходим отсюда
menderkangaha bichon	покойный хромой был
amintyn edelin emere taringilbi dajaran	пока их отец не пришел он их спрятал
du̅kakandiwer bichowun	у нас был маденький чумик
mindula ichetcheren	смотрит на меня
turukokittula tas tassangas	на соль пригонишь
er-ke orone asin ewenki eton utolepti emty ine	ведь безоленный эвенк не смог раньше жить
zootehnik omi orody hawalim diplommi upkatpa-na	зоотехником оленным став я отработала целиком свой диплом
bi-ke on nungardutyn turatchem ewedyt horokil	я-то как им скажу по-эвенкийски глухари 
poetomu esikotkon engeni bi engnem ajawre ekur-wel targachira	и сейчас я совсем не люблю что-либо подобное 
bejel ikolde	мужчины запели
i eto wot nungan uzhe zabyla kak po plechi uzhe nachal prowaliwatsa etot wrag	и это вот он уже забыла как по плечи уже начал проваливаться этот враг
tarawer kojiwkotnel ororwe hi busilde bejeldu	заблуждались когда оленей людям раздавать стали
tar walektula duwupkil bichol unguno	в тот валек возили это самое
emere	пришли они
bi du̅duwi to hilkidangnam depdoje wari һuladengnem oһangkarwi һuchudengnem ubirajdengnem	я дома то стираю еду варю камысы скоблю убираю
bi-ke bihem heweki	я-то бог
etyrke̅n һangkeleje odapki nu wot i wso	муж санки делает ну вот и всё
er-ke urkewe angaldende	это самое вдруг двери откроет
zoowettehnikumme manam	зооветехникум закончила
wot tak bichow	вот так я жила
nulgiskot erkordi wot nulgiskot erkordi	давайте поедем на вот этих  на вот этих
esikotkon umukon wnukiw   armijala gara	сейчас один мой внук   в армию забрали
umno amingahaw hururen posoloktula	один раз отец покойный поехал в поселок
taduk hele tar hurusalan hargi tadu horoldeso dagi	а потом когда он ушел черт крутился там рядом
eni duduwer galanun emonmopki	мать дома с галей остается
mewuicha bicho nungarwatyn	он был на них очень рассержен
oj huktyllen tozhe	ой побежала тоже
tadu bichetyn kergentyn hegdil bichetyn	там были семьи их большие были
derewnadu ekun-da achin jablokel ekur-da achir	в деревне ничего ни яблок ничего не было
enokew dewanostyh godah achin ochan	бабушки в девяностых годах не стало
wot ajat indam w obschem	вот я хорошо живу в общем
emeren dulai	пришел домой
tar amakan gunderen  	дедушка сказал  
potomu chto nangmaktadu nungartyn wek lezhat bojatsa komarow w les ne hodat redko nochju tolko oj dolbo tolko dolbo ngenepkil	потому что на комарах они век лежат боятся комаров в лес не ходят редко ночью только ой ночью ходят
eduk-de wek busselderes	теперь вы всегда будете болеть
i nginakir ekun-mal gogodere tadu ulledu	и собаки кого-то лают там на мясе
ange kalakachan bichon munngi taz	это котелок у нас был таз
nu i wse nu i eto ja goworu eto hodim na lyzhah	ну и все ну и это я говорю это ходим на лыжах
bejunme nan eton tuk pektyrore podrad	дикого оленя опять же он так не станет стрелять подряд
huteltin ketememe bisotin	детей у них было много
bi gundem	я думаю
hogdokortyn	хвостики у них
umukon huten	у него один ребенок
tar kungakandui bukokutcha	он умер ребенком
monin hawalildan	сам начал работать
bi gunilim ekel orere tadu angil angil ngonimil bunidere gunilim	я стала говорить не кричи там эти длинные воют стала говорить
uzhe haktyrallan	уже стало темнеть
buran udalin nekerewun wniztiki	по следу бурана мы поехали вниз
mundukare emewuwki	зайцев приносит
angadakarin-te eletyn tumnipchal	сироты-то его все оплеванные
bu gunnorew	мы говорили наверное
tar hutelnunin bidewki tar beje	с его детьми этот человек
tar dulawer irektyn ildewki	когда они заходят домой он заходит
hulukunduf ngenektesowun potaptula orordi	когда я была маленькая мы ездили в потапово на оленях
ami ohotnik bichon	отец был охотником
tadu zhe napugal oronmo	там же напугал оленя
ekunma orordi emeren	кто-то на оленях приехал
ama tar kak jego   	дедушка тот как его  
umukon gulewun tolko	один дом только
nu umukin mune angidechan 	ну она нас воспитывала 
angi luchal kokoldoltyn zhe	это самое рукавицы русских же
tar nginakinma girkitedeso	ту собаку другом считал
angil oror ngenedere	эти олени идут
potom chipkanngis tar munuranda	потом эта твоя утка протухла
nungartyn ngenedepkil chuluk-chuluk-chuluk	они ходили чулук-чулук-чулук
bi-ke hagdisangehiji-ne ekun odam	старый стал что буду делать 
ichetten nungarwatyn	посмотрел на них
hawalkira hawalmnityn oran	работящий   стал у них работником
no ungunbele adelinaje huruwren	но он эту самую аделину свою повез
taduk er turula emewungkityn gurushshikil	потом это в туру привозили грузчики
ekun tawer gunderen	кто там говорит
tuksama bichow	я быстро бегала 
hukewe bure hegdykokun	топор дали огромный
angila bi dagamam mohala	к этому самому я подъехала к лесу
starajawe metrikawa bakachawun a   mohadu	cтарую метрику нашли в лесу
toli aja bich   aja toli	тогда хорошо  тогда  
hele mangi ahi kelter huktyllen ilandi mangil bejeldi	вот медведица в другую сторону побежала с тремя медведями-самцами
mirenim	вышла замуж
tar sowhoztu bi hawalilchaw	в этом совхозе я стал работать
tar bejewe iseso tar degi-kinggit kinggit tare	того человека увидел эта птица кингит звенящий
w ochkah hodil wse wrema u nego spetsialnyje takije ochki	в очках ходил все время у него специальные такие очки
hele hururew hururew ngelifsijoj ngelifsi	вот уйдем уйдем страшно страшно
taduk stadolatyn nulgirewun	оттуда мы в стадо аргишили
hakin deptel-du krupa-du maslo-du burduka-du ese huntil-du bu belengkiwun orolon orolordu demuderildu menngiwer helerekin ewer	сахар еда крупа масло мука еще другие  мы помогли оленеводы оленеводам голодающим если у нас останется что-то
hinngi opytis hegdi	у тебя опыт большой
danduk tunnga annganiw bison tadu	пятнадцать лет мне было
nunganman-mok-kon ewkil ejdere daran girkudariwa	совершенно не замечают его когда он ходит рядом
tymatne alatten tyrganiwe	наутро ждала целый день
upkachin ange gar achin eche degde ere bire jesli birekin tar mugdekon	всё гари не было если бы это был пень 
edu hargi girkudawki dagi	здесь черт ходит рядом
tozhe ilmakta bisof	я тоже молодая была
jesche epkit bichon	еще нельзя было
tar ongkokokun bingkin gunipki toli	говорят там было было много ягеля
frontaduk iso	с фронта еще
no i nungun wnuchatylwi bihe	ну и шестеро внучат у меня есть
umukon kergendu orortyn hjerdutyn hunngtu ekurtyn hamelkityn	в одной семье на ушах оленей одни эти самые отметка
changit tar changitpa tare angiwat choknagat	давай это самое пойдем убьем того медведя 
ganatmatchewkil	долго стрелялись
tozhe tumnipcha elen	тоже весь оплеванный
lusadyt nungartyn ere tare minduli jangure	по-русски они со мной не говорят
indemchel	жили бы
hele etejetchekel bejengilbew	давай сторожи моих людей
engkiw gorojo hawalda	не мог долго работать 
uzhe danduk dapkusi-wel orka nungan anngani-se	уже стал он наверное где-то восемнадцати лет
ganalchiltyki guso	стрелкам сказал 
haktyralcha uzhe	темнеть уже стало
nu umuken halgachichil	ну одноногие
ichem abachiwa	увидел медведя
angja okel gunen	это самое сделай она сказала
haktirila huruwki	она ходила в темноту
ilodo poka edoi hurure nekedam pensionerka	никуда уезжать не собираюсь пенсионерка
duktedutyn ugranda tare	он сел на них двоих
iheldu ho biwki igin	на камнях был сильный шум
ja bi gunim ke esile kamana dawakat angilwar uchakilwe	я сказала давайте сейчас скорей поймаем этих учаков
tare wmestodun hawalchaw-da ter ispolnajuschim direktorom	вместо него я и работал тем исполняющим директором
eduk etende	отсюда ты уйдешь
mom a mom orore ehindewadem i hoktewa hinchem ngenem	сама я оленей  и поскачу
bi uldengilwan orordi dowudedem	я перевожу мясо принадлежащее ему на оленях
hawal idu-de echew hawaldara	нигде не работаю
kungakanduji bi tuksektadaji ekengkif ewideji ahatkarnun	в детстве я побегать хотела поиграть с девочками
ilo bolshe odere	куда еще денутся
arama muchum targit bussedechow	я еле вернулся оттуда я болел
sowhoztu sdawangkin	в совхоз сдавал
potom bakaran umukon kergenma huteja asir	потом нашел одну семью бездетную
tarildi dolboni tirgani gurusipkil burdukalwo ustawan-te	с ними ночь день грузили муку все подряд
umno huruso bejetkon tare	один раз пошел этот мальчик
angilwe bagdakelwe wadakilwer tare debdere	диких оленей убив едят
taduk bi doldym	потом я услышала
chipkarwe tozhe	птиц тоже
tunnga annganiw minngiw asin bison	пяти лет мне не было
i toli doldillew doldirew	тогда мы услышали услышали
ngenedeso	шел
sipkanme dengkewa gogodaran	соболя соболя лает
no potom gunderen ngeletchepkil judawer tuliski	но потом говорит боятся выходить на улицу
nu taduk okildewe tam ilaldawo wsego nulgichowun darkinduwain	ну оттуда сколько дней там три дня всего аргишили по хорошему насту
gune-ke ehikon chiktil ketememe onotolis	говорила что сейчас бисера очень много только бы заниматься
taduk nungan icheren hegdykorwa angi   halgarwe	потом он увидел большие ноги 
jehelduk chirindalduk bajkisilduk hirulwe menajingkiwun	из ессея из чиринды из байкита меняли быков
nikolskoje-ke tar woobsche netu tozhe	никольское-то того вообще нету тоже
ami dalshe huru chaski huruden mohawe chaski	отец дальше поедет в лес дальше
potom uzhe ilityn tyrgani hururen	потом уже третий день пошел
eningehew chatypkalden-da i ulgusolden	мать покойная чаем напоила и рассказала
ekel duktere	не бей
urkewa angasildende	двери начнет открывать
tadu bejur togda ugduhichel bichetyn	туда дикие олени тогда залезли
nu menngilduk dunnelduk gangkityn tar ewenkil antil erupchut indechatyn	ну со своих земель брали те эвенки которые плохо жили
bu orolorwun defkittykiwun	оленеводам нашим наши продукты 
nu tolko durwe hami nimngakar	ну только две знаю сказки
nungartyn ngelle	они испугались
zherdi ange zherdilwe tar molwe notte gde u nego amngan	жерди палки разложили где у него вход
bi gunim	я подумала
doldyren chulugdy emedere	услышал чулугды приходят
tug oronmi irgidefki-to oronmi irgiwdon koroppan menat nado hirulwe menattengat	так оленя воспитывают чтобы оленя воспитывать важенок менять надо быков менять будем
i icherew tadu aminmun ororin uchakilin tegetchere	и увидели там олени учаки нашего отца лежат 
kungakan tarin luhu baldydana hanguktawki	ребенок этот все время пока рос спрашивал
girkundakal idu-de guse	гуляй повсюду сказал
tala nawernoje birke	там  наверное был
umukonme mangiwa ahadere nungun binel ahiwa mangiwa	одного медведя гонят вшестером медведицу
mortyn isette hoktewer	сами смотрели дорогу свою
taduk direktorif toli bison aleksej dmitrijewich jeldogir girkiw minngi	потом директором тогда был алексей дмитриевич елдыгир мой друг
bagdakele ichetnehinem	поехал диких смотреть
hutelin tadu bidewkil	его дети там были
nadaldawe nulgichowun kun   tala	семь дней аргишили потом
tukkor ojoline er aramakan nekelingnem	вот так потихоньку я начинаю обычно делать почесывая
angiwe mowe tare bi   mine nodaren	эту палку меня швырнул
no wso rawno upkat uzhe pochti luchadyt upkat hengketchepkil	но все равно уже все почти по-русски говорят
shura nu	шура да
tawartyki tar istoktuli tawar istoktu bi hine nanchitchichaw aha	в ту сторону к тому истоку там на истоке я тебя нянчила ага
tari tar tadu du̅tarawun inerewun	вот там пожили в чуме побыли
ebej beje ekel ngelifse bidegin	ах человек не надо страшно пусть будет
ela nungarwatyn nodam	куда я их дену
e ekuninda-kem eso ngeliwsipchu bire	э никого же страшного нет
nungan gunen	он говорит
hele ewiwunewer odam	вот игрушку сделаю
minngi amim bison gerbin dada ewedy gerbin dada	моего отца звали дада  эвенкийское имя дада
hajale tala nginakir goshajadu	нет там собак у гоши
bry bryzgewettere	брызгают они
a nginakin tar solilcha hargitki gunne	а собака стала сплетничать говоря черту
guso tar hutelwon	сказал он детям
bi nan tuksasinem karabindulai	я опять побежал к карабину
ilan tyrganil ngenechalatyn emeren	когда прошло три дня пришла
a to huwer rybakil bichol ere amingahaste	а то вы были рыбаки этот отец твой покойный
dapkidui hurusow dapkun annganidu	на восьмом пошел в восемь лет
potom potaptuk nungarnuntyn emehilderew	потом из потапова с ними стали ехать 
bumulifkil oror hingnene	умирающие олени жалко очень
gune	они сказали
dunnela burum	я упала на землю
dur hutesi etyrkosi hawaldaran tadu	с двумя детьми замужняя работает она там
hokse ngenederen	кровь идет
menmaktel irgektel ororwo-ke kikchafkil	комары пауты оленей-то кусают
murukedawki amutwa murukedawki	кружил кружил вокруг озера
a bi hele amaski muchuwohindem hele uldengilwan uldelwo	а я вот назад отвожу мясо принадлежащее ему мясо
nu chto jesche potom dolboltono depdotyn ongnam chtob dolbo debdedotyn һutelduji	ну что еще потом вечером поесть делаю чтобы ночью поели детям
ih nikak echew albaraw dawadami	так их никак не не смогли мы поймать
mom elo hele emesow	сам сюда вот приехал
nu ulguchondem	ну расскажу
taduk ele tar ekonem nawkane amakan lukilwen hele perem olcha ajamamale	потом вот не попав дедушка стал делать настоящие стрелы очень хорошие
eduk etem hindi girkitare	другом тебя больше не буду считать
etejetchengkin amingehe	покойный отец сторожил
kenggilortyn kenggilorin doldym	их колокольчики его колокольчики услышала
emere-de udalin	приехали по следу
potom delkendui ejewel gadai tuktyso biso	потом на лабаз что-то взять залез
togda warak gundene	тогда враг говорит
hutelwi dewdotyn tar dugudewki biso tar kinggit	тот кингит приносил детям поесть
a oror tozhe ngelelchel bipkil	олени тоже испуганные были
tolgokiduktepi jum ami noguju uitchenman poka	я вышла из своих санок пока отец привязывал передового оленя
pustyre nunganman	отпустили его
ilda	встали
mesto aja tozhe	место хорошее тоже
indisotin dukte	жили они вдвоем
amakatkanme hujukukonme dawudechatyn	они поймали маленького медвежонка
ere ganalchil emesoldo	вот стрелки пришли
edyn hukugicho nungarigityn	ветер стал отворачиваться от них
ekur ilkendekisiltyn	чьи это зарубки
ahal nadan tolgokityn bifkil bejelngil danduk dure danduk ilan binel	у женщин семь саней грузовых было у мужчин двенадцать тринадцать было
eja-wel ekungan binoro gundene nikoso	кто откуда могут быть вот он говорит
choknastew changittula	пошли убивать к медведю
ertyki amutkan hegdynge ichebdepki	туда озеро большое виднеется
huliwun odan	все стало
tar beje jangu jangurakin togotyn hingkewki biso   hingkeridewki	когда тот человек говорит у них трещит огонь
tunnga metrit taringityn burucho bicho	в пяти метрах он упал
taduk haman tegeren	потом шаман сел
sura bichon	шура была
horosho  	хорошо  
ilkendulityn hurukel	иди по их зарубкам
beje beje girkin odangas	будешь другом человека
ojin hariktalcha	над ним начал парить
mola mola 	дров дров 
toli edu bison sowhoz	тогда здесь был совхоз
hatanawa er guso elewel bingnedere gundene	черта этого говорит какие-то бывают
bi kungakan toli aminmi luhu beledengkif	я ребенок тогда отцу своему всегда помогал
dadaw jokellen	дядя закричал
eninngeheji bi ajat donchadam	мать свою покойную я хорошо помню
tak arkichatyn ehawew tar	так они проткнули тот мой глаз
eterew eregerit eduk isewulde	с этих пор никогда не станем показываться на глаза 
hutelin oda	у него появились дети
bi chok   chokchaw bah nunganman	я прицелился бах его
tarin hekergeso-do amargildii ilkonem ere ikonmon tugilwer ustawan kahiliwki	тот рассердился и встав на задние лапы вот так всю грудь ему порвал
dukchaduwer tegetchenel tar depdenel gusol	когда они сидели у себя в чуме и ели они сказали
dengilbi biwuk bingkityn mundu ugot	деньги у нас всегда были
uholchon	заболел
aminin hirogir dmitrij aminin udygir walentina trofimowna	отец ее хирогир дмитрий мать удыгир валентина трофимовна
e tadu norәw nunganman	там мы похоронили его
turudu uchitchaw	в туре учился
internattu tolko depingkiwun jesli chto uzh	в интернате мы только ели если что уж
diktele ekurwa ahaktadangkif ulgukilwe ulgukilwe	за ягодой за этим гоняла бурундуков бурундуков
isetcha-da gunderen	увидев говорит
on oda	что с ними стало
taritper ngolesilden	вот этого она станет бояться
postojanno gramotalwa bungkityn nungandun	постоянно ему грамоты давали
emonmuchotyn guleldu	они остались в поселке
bejel ele   ele̅tyn adelilwer tulepkil dukeli uzhe dukeli i ohotatsa	мужики все свои сети ставят по льду уже по льду и охотятся
tara bi doningnem	это я вспоминаю
hululan ho kungakan	маленький очень ребенок
tug nikochon bimche	так делала бы она если бы была
ngenedeso	шел
tare tarilba ugadana hururen erdelon tar dulduktyn	совсем ушел от их чумов неся эти 
bi inekteldem	я смеюсь
ungunduk angil dalin angiduk gulelduk emere-de iseno angila	родственники из этого из поселка приехали и поехали посмотреть
brigadir okel	будь бригадиром
i tegemile bidechow	и до следующего дня был
tuliski juwki-da tar beje	этот человек выходит на улицу
dewuldektyn dewudeliwki ostolduktyn	когда они начинают есть он начинает есть с их стола
umukin emenmum bi umukin	я один остался один
minngi omolgilwi e dalwi towlohine gospodi	мои сыновья ой мои родственники поехали по ягоду господи
angirawun obradowalis w obschem chto obradowalis chto oror mutki emechel dulawer obratno	обрадовались это что олени наши пришли домой обратно
bejekokun iso dula tar dula	начальник зашел в чум в тот чум
e ngelelle	о испугались
gewran toktohinen ongoktolin kotot	он повторил ударил по носу пальмой
nu dygilrewe hawalingnem nu duleshki dygilrewe amashki	ну четыре дня хожу ну вперед четыре дня назад
tug-do node dulai ihim	так-то хорошо доехала домой
epki eto kahirgare nu i ladno etyrgare to jest	не ломается то есть не рвется
wiboril bulleterwe ngenewungkiwun	на выборы мы бюллетени привозили
i okin eninmi mirechen okin pankagiril mirechetyn hukacharildu hukacharil guningkityn	и когда моя мать вышла замуж когда женились панкагиры на хукочарах то хукочары говорили
bi durwe tadu horokilwe wame	я двух там глухарей убил
urkeje edelikonmi angare burupki	не успев открыть дверь упал
uldekokurwe dewdere	мясо едят
i taduk-de gunipki	и потом-то говорит
ngolepkosilde	стали пугать
ilmakta hawalilchaw	молодая начала работать
taringilnum bidedengos	ты будешь с этими моими 
ami aminun hururew ohotnikildula aha	отец с отцом мы пошли к охотникам ага
ilmaktadui dadanunmi ohotylsadichaw	в молодости я охотился со своим дядей
chatyrelwe chipkarwe elewatyn bultangkin nungan	песцов соболей всё добывал он
edu jerbekedu wse wrema edu bidechew	все время здесь жила
do sih por do starosti bichon ehan ne widel	до сих пор до старости был глаз у него не видел
abachi uluren typarawa i typallan ongoktowi hokse edon ojone	медведь откопал грязь и стал мазать свой нос чтобы не текла кровь
bi albahichaw ildami	я не мог встать 
aminduf kete oron bison	у моего отца было много оленей
edu motimidichow bejure	здесь охотился на диких оленей
wspomnila	вспомнила
tug-do ese nawkane	так и не попал
taduk nungan gunen	потом он сказал
sadiktu hawalchaw tozhe	я работала в детском саду тоже
tadu indere ajamamat gunne gunne hehenen	сказал там живут очень хорошо рассказал
taduk tuksahinen amana	потом побежал быстрее
bi nanchisilchaw hine	я стала тебя нянчить
nu bu sururew tala	ну мы поехали туда
kete bichetyn omolgil kete hunatyl bichetyn asatkar	много было сыновей много дочерей было девушек
erupchut inchowun amaski hot	плохо жили раньше
amim tolgokiwa oran hurupdoi eninmef dundengdulon i edu nodoi	отец санки сделал чтобы увезти мать на ее землю и здесь похоронить
biraldu hindatchaw delilwe nirusarwe majgulwe	на реке рыбачу тайменя хариусов линков
mu odan tadu	там появилась вода
tar-da huruwupkil danduk duldo kilo digin namate ki kilometr helekemet	везли двенадцать дней четыреста километров с лишним
nu amaskite jesche ororrikteldi zhe girkungkitynte	ну раньше же еще на оленях только же ездили-то
magazindu sdajchawun ollolwo ullelwe chipkarwe	сдали в магазин мясо рыбу соболей
angil bejel angiltyn igiltyn doldywra	это голоса людей слышны
gil ewen   iduk iduk eni bichen nungartyn bichetyn bolshoj porogtuk amintyn nungartyn pankagirskajduk rodtuk bichetyn	откуда откуда мать была они были с большого порога отец их они из рода панкагиров были
nu taduk nungan angideren  	ну потом он это  
nungartyn akchulla daldulawer	они стали рваться к своим товарищам
dynngilecho gde-to derelotyn tadu	он бежал там им навстречу 
bi bi uchakki dawamalcham taduk	я своего учака быстро поймала потом
dezhuritde   dezhuridepkil kungakar dolboniwe	дежурят дети всю ночь
prishlos ngenedemit	пришлось пешком идти
hukitei garan-da buren edytkii	живот свой взяла и дала мужу
eton-nun erupchut ora	он не будет делать плохо
homotywa umukon raz wame	медведя один раз убил
internattu tak-to bidengkiw	я так-то в интернате жила
nungan zhe girkuren	он же ходил
emedengnewun	мы приходим  
omonim tegemile	оставил до следующего дня
wot tundra prawdu	вот тундра правду
potom wertoletyt degrewun	потом мы вертолетом прилетели
bu u   utele ewenkilwe   utele ewenkil ahijawar gengkityn hungtulduk dunnelduk hungtulduk dunnelduk	мы раньше эвенки жену брали из других земель из других земель
a ungundu tawar walektu ehi er walek biden tadu angipkil bichol ororwer dawuchapkil bichol	а там этот самый в вальке сейчас этот валек будет там это самое делали оленей держали
jescho dagamawat	давай еще приблизимся
hama hamahaldu	хама хамахалду
ichetcheren	видит
ohotnikil aha ekundi emerkel ne pomnu	охотники ага на чем приехали наверное не помню
bure nungandun tandan	дали ему закурить 
tut na dymokur olenam taskajem	тут на дымокур оленям таскаем
guleldu tam oki tri ilaldawa bichowun	в поселке там сколько три три дня мы были
edu pohoronen hukuloderen	здесь похоронен лежит
ranshe won towlidei ajawungkiw pramo	раньше вон я прямо любила собирать ягоду
namadiwe toli wachal	сотни тогда убили
tar gurustu girkudaril	те кто с грузом ходили
emerew	приехали
tuksadedawer dildan    dildandadawer	лишь бы побегать повоображать
horokila pektirondengos helakila emi gune helakila	глухарей стрельнешь куропаток – не говоря уж о куропатках
dada gunen	дядя сказал
i wse rawno on-mer kedene popallen nungardutyn	и все равно как-то попался к ним
idi chaski okel diski diski amngaduk diski okel	в стороне будь подальше подальше от входа подальше будь
obyknowennaja nu	обыкновенная ну 
horoshaja babka bichon	хорошая бабка была
a si ekun bihinde	а ты кто
nungan tegetchechen edynunmi	она сидела с мужем
kungakar hajale duduwer	детей нет в чуме
dur hutei edudo baldyldygasan	двоих детей она здесь с ним родила
tegetcheren	сидит
jesli kungakan kutusi kungakan kutusi bihikin ororin baldylifkil	если ребенок счасливый если ребенок счастливый олени его растут
tozhe nimngakanli ekunli	тоже сказка ли или что ли
baldycha bihim	родилась
burikeldu mine guso	уроните меня сказал
wospitywat-to one	воспитывать-то как
nu i huktydere	ну и бегут
produktow malo gachawun produktelwe	продуктов мало взяли
aminduf haman guso	отцу шаман сказал
tar umukon angani nungandun bisow-do elo otpuskalai emem	в один год я у него был сюда в отпуск приехал
aminmi gerbin bison udygir innokentij nikolajewich	моего отца звали удыгир иннокентий николаевич
toli-mok tododongotyn hergudu dundedu biso biso gunne	только тогда поверят был на нижней земле говорит
ekspeditsijal tar ora-da	экспедиции это самое сделали
muttuk heleket indere tar hergudu dundedu	они на этой нижней земле живут лучше нас
nu gorowo eson hawalda tar kazah kazahstanilduk emeso	ну долго не работал тот казах из казахстана приехавший
engkin tane engkin umda	не курила не пила
potomu chto ilmaktal bichotyn sami nginakir	потому что были самые молодые собаки
i mine gune	и мне сказали
heweki-te gunen	бог-то сказал
tewlahidechawun eto dur annganil	мы ходили по ягоду два года 
ekunnun	с кем
dygindan kilometr	сорок километров
nu tug gunderen	ну так говорит
dulindutyn dukchal ischende-do isettoi tar hegdymomowetyn duwa-do	ты дойдешь до середины чумов чтобы увидеть этот огромный чум
dynngilehinchicho	он побежал
bi gundem ngale	я говорю рука
i ilo-do ngenedengos orondi	хоть куда доедешь оленем
nungartyn guningkityn chipicha kinggit	они говорили птица кингит
heki erdelon tar ilitcheren pehisiwso	эта большая лиственница до сих пор стоит расколотая
tuge tuge tala molwe nokellu tala	так так туда палки положите туда
derumkisadem	отдыхаю
a akim erupchut indeson tadu	а мой старший брат плохо жил там
ewkil-de isere-hinche nunganman ejdere	кажется не видят его и не замечают
horoliktedecha bicho	крутился
ngelewsiko hegdymama hegdymama bichon	очень страшный большой-большой был
tozhe motimidichow huksinun mart dulindun	тоже охотился на лыжах в середине марта
bi tancheldem nungarwatyn	я их вытяну
irgisil udalwatin dantakil udalwatin isedengos	волков следы росомах следы увидишь
jangildu biwki biso tar iheldu	на горах бывал был на камнях
potom potom uzhe tylim tylim kak tolko gune ratsijali hannguktam	потом потом уже я понял понял как только сказали по рации я спросил
dan klasspe manachaw	десять классов закончила
nulgischewun nulgischewun ulumischewun itygachawun dui   duduk duduwer itygalchawun nulgischewun	аргишили  аргишили охотились собирались из чума в чуме начинали собираться аргишили
ahal-da e-ne hawaldafkil	женщины тоже это работали
tar beje jangudariwan gundere tar togo hin    togot hingkerideren	про то как разговаривает этот человек они говорит наш огонь трещит
i uldengilwan dowuldedem	и мясо принадлежащее ему стану перевозить
sindu okin anganis bichen	тебе сколько лет было
oron ewenkidu elede hegdi belego	олень для эвенка все-таки большой помощник
taduk hurusolon tare umukon emeson	потом когда он ушел  тот один пришел
ilan anganisil binel kungakar asir ongkitin ulguchonmochilchol bi   binel	будучи трехлетними начав разговаривать дети умирали
aga nu bolo-te nginakirdi	ага ну осенью-то с собаками
bi gunilim amatki bunidere ngelewsy gunilim	я стала говорить деду воют страшно стала говорить
kinggit hutelin-to tar jonmasilchal	дети-то кингита очень испугались
aha urkewatyn angamda perchatkelwe ichem tug harbaldedere	ага их дверь я открыла и перчатки увидела вот так растопыриваются
targit emechol bichotyn tozhe	оттуда тоже они приехали
okir bi tepkelim-de taduk taril himurgara 	когда я крикнула все затихло 
tugdo bi duloski huktywuhinem	так-то я вперед поскакала
pramo dumala bejeje etem bakara	прямо думала мужчину не найду
angidu dolboltono istan	это вечером доехал
i nungan tegeren	и он сел
potom taduk bi wertoletyt әla әmәhinәm	потом я на вертолете сюда прилетела
i to jesche angi utunilipki dola nawernoje utunilirgun	и то еще это самое чешется наверное внутри чешется
echol bihiwun hare	мы не знали
nurmachal	подкрались
aminngahaw angilcha logilcho gunne	отец покойный это начал ругаться стал сказав
a etyrkom gunden	а мой муж говорит
bi dedushka   oj amakanun aminun-he bi nulgisinim	я с дедушкой с отцом аргишила
haman hamanildan	шаман начал шаманить
tar emcha	это бы сделали
archemkachalde mune һaja̅le amandichal	встречали нас но не было опоздали
achin achin	нет нет 
taduk umukondu diski huruchowun tartiki alik stadola	оттуда вместе в лес поехали туда в стадо алика
ewkil nunganman isere taringilin ewkil ejdere-de	его не видят и не замечают
tala buran emekteche holkit	там буран приезжал недавно
orolo   oromilowun tadu tyremtycho bicho	наших оленей он давил там
i tolinge budan uchamidu	и тотчас умер в учами
na̅demachawun orokorwe gde-to dapkutalwa-hinche	получили в подарок оленей где-то по восемь голов
debngenelwer debdere tare ngonimil	свои объедки едят эти длинные
i dolboltono tegetcheren	и вечером сидит
nungarngityn udaltyn achir	следов их нет
da da	да да
nungartyn muchuchal dukchalawer emechel ororwun ororin tare nunganngilin	они вернулись к чумовищу пришли наши олени олени эти его
tozhe uchakki pustym bi menngiwi	я тоже отпустила своего учака
taduk angilbi ororbi ilda	потом мои эти олени встали
heweki hele angilba odawki	бог-то этих самых делает
hele bi ere mot ange bejngo ireksewon olgikta	вот я это палкой высушу шкуру дикого оленя
dawaj dundewe hogintugat	давай землю пинать
daldui hehendengow	друзьям расскажу
goro bicho tadu stadotyn namadi da̅n kilometr potaptuk	далеко было там их стадо сто десять километров от потапова
tolko shkolalduk huruche	только из школы ушел
aminduwer enel hilbara	не говорите своему отцу
kassirdu hawalchaf dan annganiwe	кассиром проработала десять лет
ke gunem jakut golomowon bakam	вот сказал я я нашел зимний чум якута
dur mowa mokarbe oran duktewurei	сделал две палки две палочки-колотушки
keshaw baldyren	кеша мой родился
digali	на дигали
ewkil-da mine isehine	не смотрят на меня
edukwehin etende ekunmada bakara ilada hurure	отсюда ничего не найдешь никуда не уйдешь
a toli bidichetyn chulugdyl	а тогда были чулугды 
amtylwi emere gunmi tar aminmi umne hehenchan minduju on elo emere er dundylo agataduk	родители мои приехали так сказать отец мой однажды рассказал мне как сюда приехали на эту землю из агаты
chagit togda dawakal ngaleldiwi	подальше тогда схватись руками
wot ehikotkon tetetki ngenedechawun	вот сейчас мы ездили в тетею
nu peregondeit emechow emechowun	ну перегонными я приехала мы приехали
gorowo ilitchan	долго он стоял
deptileletyn emepdere	продукты привозят
nungartynkun nurmachal ajamamat ichetchechol	они-то подкрались хорошенько смотрели
bultadengos dewdoji bejngoje bejune	добудешь поесть дикого оленя дикого оленя
potaptula tarilduk girkudengnerewun	в потапово от них ездили
tarawe hele tar guso nginakinma	потом вот он сказал собаке
bi eli baldisaw	я здесь родился
hawaldapkin oldachan-ke	стал-то работать
ehi bedni nungarduktyn eleduktyn inderen ungun ele gala a samaja mladshaja	сейчас бедные из них из всех живет эта вот галя а самая младшая
hele duktemkoren-do hutelin jonmasilchal	вот он стал колотить и дети очень испугались
gugaretchere	звенят гугарой 
wot edu-te indeme durdar anganiwa jekengdedu	вот здесь живу двадцать лет в эконде
ewanda echew ichette	ничего у нее не посмотрел
eche horosho eche huktylle mune ahahine	хорошо не побежал за нами вдогонку
taduk elo emengnerew	потом сюда приходим
wot tarbawa anganiwe inchen minngi ebekef	вот столько лет жила моя бабушка
on-ke nikeldere	что же они будут делать
togoriktatyn tar hingkerideren bi bideriwe edu	только огонь у них трещит хотя я здесь
taduk amim emeren	потом отец приехал
jullen	начал выходить
ororwun manawra	наши олени закончились
kungakan amakan-te etyrkon inde   ilani enityn	ребенок и дедушка-старик и мать трое
muje gelektenehinen	пошел за водой
nu gunderen widno ilane tyrganil hiranipkil ange makitkar odatyn	ну говорит видно три дня спариваются чтобы были медвежата
nungan ekun bison turuhanskadu	она это была в туруханске
ngalelwe hongnasal	руки отрезали
suglan oran-da gune elo ele- ele- elet emegot umundu bid bida bidep bigot	суглан сделал говоря сюда все давайте придем все вместе здесь будем давайте будем
opat hururen	опять пошел
bi ehikon ulguchondim eningeheji udygir natalja jakowlewnawa	я сейчас расскажу о своей покойной матери удыгир наталье яковлевне
er amakan guso	дедушка сказал
dulatyn ikonemil gusol	когда пришли в их чум они сказали
hongnanekekor lokotchol tuge	отрезав же повесили так
bi bultadam biraldu digali chikty dami	я охочусь на реках дигали чикты дями
edafkil hawaldafkil	что-то делали работали
hine mozhet beledem	может помогу тебе
potom nungunme hutew baldym	потом шестерых детей родила
ujusektefkil	ездят верхом
iledyt	по-эвенкийски
satyralba isel-do bagdamalba lokotchol tadu	белых песцов выделали и развесили
bururen jolki	упал ёлки
a akim biwuk erupchut inderen	а брат всё еще плохо живет
potom	потом  
aja ahi bison	хорошая женщина была
